{
  "name": "gold-phone-input",
  "version": "1.0.9",
  "description": "A validating input for a phone number",
  "authors": [
    "The Polymer Authors"
  ],
  "keywords": [
    "web-components",
    "polymer",
    "gold",
    "input"
  ],
  "main": "gold-phone-input.html",
  "private": true,
  "repository": {
    "type": "git",
    "url": "git://github.com/PolymerElements/gold-phone-input.git"
  },
  "license": "http://polymer.github.io/LICENSE.txt",
  "homepage": "https://github.com/PolymerElements/gold-phone-input",
  "ignore": [],
  "dependencies": {
    "iron-input": "PolymerElements/iron-input#^1.0.0",
    "iron-flex-layout": "PolymerElements/iron-flex-layout#^1.0.0",
    "iron-form-element-behavior": "PolymerElements/iron-form-element-behavior#^1.0.0",
    "paper-input": "PolymerElements/paper-input#^1.0.0",
    "paper-styles": "PolymerElements/paper-styles#^1.0.0",
    "polymer": "Polymer/polymer#^1.2.0"
  },
  "devDependencies": {
    "iron-component-page": "PolymerElements/iron-component-page#^1.0.0",
    "iron-test-helpers": "PolymerElements/iron-test-helpers#^1.0.0",
    "test-fixture": "PolymerElements/test-fixture#^1.0.0",
    "web-component-tester": "^4.0.0",
    "webcomponentsjs": "webcomponents/webcomponentsjs#^0.7.0"
  },
  "_release": "1.0.9",
  "_resolution": {
    "type": "version",
    "tag": "v1.0.9",
    "commit": "c08e59709623726a192b7c5dfc97318d174fd92c"
  },
  "_source": "git://github.com/PolymerElements/gold-phone-input.git",
  "_target": "^1.0.0",
  "_originalSource": "PolymerElements/gold-phone-input"
}