<?xml version="1.0" encoding="UTF-8"?>
<Entities>
    <ExtensionPackages>
        <ExtensionPackage name="Polymer_Extension"
                          description="Polymer Library for Thingworx"
                          vendor="Thingworx"
                          packageVersion="1.0.0"
                          minimumThingWorxVersion="7.0.0" >
            <WebAppResources>
                <FileResource type="WEBAPP" file="lib/polymer" description="Library folder for Polymer" />
            </WebAppResources>
        </ExtensionPackage>
    </ExtensionPackages>
    <Widgets>
        <Widget name="polymer">
            <UIResources>
                <FileResource type="JS" file="webcomponents-lite.js" description="" isDevelopment="true" isRuntime="true" />
                <FileResource type="JS" file="loadPolymer.js" description="" isDevelopment="true" isRuntime="true" />
            </UIResources>
        </Widget>

        <Widget name="goldelements">
            <UIResources>
                <FileResource type="JS" file="goldelements.ide.js" description="" isDevelopment="true" isRuntime="false" />
                <FileResource type="CSS" file="goldelements.ide.css" description="" isDevelopment="true" isRuntime="false" />
                <FileResource type="JS" file="goldelements.runtime.js" description="" isDevelopment="false" isRuntime="true" />
                <FileResource type="CSS" file="goldelements.runtime.css" description="" isDevelopment="false" isRuntime="true" />
            </UIResources>
        </Widget>

        <Widget name="googlemap">
            <UIResources>
                <FileResource type="JS" file="googlemap.ide.js" description="" isDevelopment="true" isRuntime="false" />
                <FileResource type="JS" file="googlemap.runtime.js" description="" isDevelopment="false" isRuntime="true" />
            </UIResources>
        </Widget>


        <Widget name="paperspinner">
            <UIResources>
                <FileResource type="JS" file="paperspinner.ide.js" description="" isDevelopment="true" isRuntime="false" />
                <FileResource type="CSS" file="paperspinner.ide.css" description="" isDevelopment="true" isRuntime="false" />
                <FileResource type="JS" file="paperspinner.runtime.js" description="" isDevelopment="false" isRuntime="true" />
                <FileResource type="CSS" file="paperspinner.runtime.css" description="" isDevelopment="false" isRuntime="true" />
            </UIResources>
        </Widget>
    </Widgets>
</Entities>
