{
  "name": "polymer",
  "version": "1.4.0",
  "main": [
    "polymer.html",
    "polymer-mini.html",
    "polymer-micro.html"
  ],
  "license": "http://polymer.github.io/LICENSE.txt",
  "ignore": [
    "/.*",
    "/test/",
    "gen-changelog.sh"
  ],
  "authors": [
    "The Polymer Authors (http://polymer.github.io/AUTHORS.txt)"
  ],
  "repository": {
    "type": "git",
    "url": "https://github.com/Polymer/polymer.git"
  },
  "dependencies": {
    "webcomponentsjs": "^0.7.20"
  },
  "devDependencies": {
    "web-component-tester": "*"
  },
  "private": true,
  "homepage": "https://github.com/Polymer/polymer",
  "_release": "1.4.0",
  "_resolution": {
    "type": "version",
    "tag": "v1.4.0",
    "commit": "11c987b2eb3c73b388a79fc8aaea8ca01624f514"
  },
  "_source": "git://github.com/Polymer/polymer.git",
  "_target": "^1.4.0",
  "_originalSource": "Polymer/polymer"
}