{
  "name": "webcomponentsjs",
  "main": "webcomponents.js",
  "version": "0.7.22",
  "homepage": "http://webcomponents.org",
  "authors": [
    "The Polymer Authors"
  ],
  "repository": {
    "type": "git",
    "url": "https://github.com/webcomponents/webcomponentsjs.git"
  },
  "keywords": [
    "webcomponents"
  ],
  "license": "BSD",
  "ignore": [],
  "devDependencies": {
    "web-component-tester": "^4.0.1"
  },
  "_release": "0.7.22",
  "_resolution": {
    "type": "version",
    "tag": "v0.7.22",
    "commit": "50f9751f8e638301603aebb33ba9f1e90d2b0d32"
  },
  "_source": "https://github.com/Polymer/webcomponentsjs.git",
  "_target": "^0.7.20",
  "_originalSource": "webcomponentsjs"
}