{
  "name": "gold-cc-expiration-input",
  "version": "1.1.2",
  "description": "A validating input for a credit card expiration date",
  "authors": [
    "The Polymer Authors"
  ],
  "keywords": [
    "web-components",
    "polymer",
    "gold",
    "input"
  ],
  "main": "gold-cc-expiration-input.html",
  "private": true,
  "repository": {
    "type": "git",
    "url": "git://github.com/PolymerElements/gold-cc-expiration-input.git"
  },
  "license": "http://polymer.github.io/LICENSE.txt",
  "homepage": "https://github.com/PolymerElements/gold-cc-expiration-input",
  "ignore": [],
  "dependencies": {
    "iron-validator-behavior": "PolymerElements/iron-validator-behavior#^1.0.0",
    "iron-validatable-behavior": "PolymerElements/iron-validatable-behavior#^1.0.0",
    "iron-flex-layout": "PolymerElements/iron-flex-layout#^1.0.0",
    "iron-form-element-behavior": "PolymerElements/iron-form-element-behavior#^1.0.0",
    "paper-input": "PolymerElements/paper-input#^1.0.0",
    "paper-styles": "PolymerElements/paper-styles#^1.0.0",
    "polymer": "Polymer/polymer#^1.1.0"
  },
  "devDependencies": {
    "iron-component-page": "PolymerElements/iron-component-page#^1.0.0",
    "iron-test-helpers": "PolymerElements/iron-test-helpers#^1.0.0",
    "test-fixture": "PolymerElements/test-fixture#^1.0.0",
    "web-component-tester": "^4.0.0",
    "webcomponentsjs": "webcomponents/webcomponentsjs#^0.7.0"
  },
  "_release": "1.1.2",
  "_resolution": {
    "type": "version",
    "tag": "v1.1.2",
    "commit": "3e6cb1232e474d223e59b3144298b9d8f993865b"
  },
  "_source": "git://github.com/PolymerElements/gold-cc-expiration-input.git",
  "_target": "^1.0.0",
  "_originalSource": "PolymerElements/gold-cc-expiration-input"
}